番号,パート,物語の時刻,開始,終了,字幕
1,Verse 1,02:30 AM,00:00:24,000,00:00:29,800,"誰もいない部屋、ドアのそばに残された君の小さな靴"
2,Verse 1,02:30 AM,00:00:30,000,00:00:35,800,"もう君が駆け回ることのない場所に、影が落ちる"
3,Verse 1,02:30 AM,00:00:36,000,00:00:41,800,"打ちのめされ、膝をつき崩れ落ちていた"
4,Verse 1,02:30 AM,00:00:42,000,00:00:47,800,"風の中に消えた幻に向かって、ただ泣き叫んでいた"
5,Pre-Chorus,04:30 AM,00:00:48,000,00:00:53,800,"けれど、灰色の世界を通して君の囁きが聴こえたんだ"
6,Pre-Chorus,04:30 AM,00:00:54,000,00:00:59,800,"「僕にはまだ、進むべき道のりが残されている」と"
7,Pre-Chorus,04:30 AM,00:01:00,000,00:01:05,800,"土砂降りの雨に溺れるのは、もう終わりにする"
8,Pre-Chorus,04:30 AM,00:01:06,000,00:01:11,800,"この痛みから、希望の光を築き上げてみせる"
9,Chorus,05:45 AM,00:01:12,000,00:01:19,800,"君を連れて行くよ、空よりも高くへと"
10,Chorus,05:45 AM,00:01:20,000,00:01:27,800,"僕が踏み出す一歩一歩の中に、君は確かに生きている"
11,Chorus,05:45 AM,00:01:28,000,00:01:35,800,"道が暗闇に閉ざされようとも、僕は胸を張って立ち続ける"
12,Chorus,05:45 AM,00:01:36,000,00:01:43,800,"愛しい我が子よ、君のためなら、僕はすべてに立ち向かう"
13,Final Chorus,06:30 AM,00:02:16,000,00:02:21,800,"君を連れて行くよ、空よりも高くへと"
14,Final Chorus,06:30 AM,00:02:22,000,00:02:27,800,"僕が踏み出す一歩一歩の中に、君は確かに生きている"
15,Final Chorus,06:30 AM,00:02:28,000,00:02:33,800,"道が暗闇に閉ざされようとも、僕は胸を張って立ち続ける"
16,Final Chorus,06:30 AM,00:02:34,000,00:02:39,800,"愛しい我が子よ、君のためなら、僕はすべてに立ち向かう"
17,Outro,07:00 AM,00:02:40,000,00:02:49,800,"すべてを乗り越えてみせる"
18,Outro,07:00 AM,00:02:50,000,00:02:59,800,"太陽が沈むその時まで、ずっと君の手を握りしめたまま"
